"File","FullPath","Score","Core","TileCore","Engine","PDFJS","PDFIUM","Render","Tiles","Scale","Lifecycle","TextLayer","Server","Backend"
"knexwriter\src\modules\Knexread\native-pdf-reader\knex-pdf-engine\backends\future-pdfium\PdfiumEmbedPdfRuntime.ts","C:\knexit-workspace\knexit-workspace\knexwriter\src\modules\Knexread\native-pdf-reader\knex-pdf-engine\backends\future-pdfium\PdfiumEmbedPdfRuntime.ts","5120","SIM","SIM","PDFIUM","0","305","9","5","73","9","7","1","54"
"knexwriter\src\modules\Knexread\native-pdf-reader\components\pdf-tiles\PdfTiledPageCanvas.tsx","C:\knexit-workspace\knexit-workspace\knexwriter\src\modules\Knexread\native-pdf-reader\components\pdf-tiles\PdfTiledPageCanvas.tsx","4495","","SIM","INDEFINIDO","0","0","2","25","28","48","2","50","48"
"knexwriter\src\modules\Knexread\native-pdf-reader\knex-pdf-engine\backends\future-pdfium\PdfiumPageRenderer.ts","C:\knexit-workspace\knexit-workspace\knexwriter\src\modules\Knexread\native-pdf-reader\knex-pdf-engine\backends\future-pdfium\PdfiumPageRenderer.ts","3915","SIM","","PDFIUM","0","35","15","7","0","65","0","5","28"
"knexwriter\src\modules\Knexread\native-pdf-reader\components\pdf-tiles\PdfTileCanvas.tsx","C:\knexit-workspace\knexit-workspace\knexwriter\src\modules\Knexread\native-pdf-reader\components\pdf-tiles\PdfTileCanvas.tsx","3635","","","INDEFINIDO","0","0","3","0","26","158","0","79","51"
"knexwriter\src\modules\Knexread\native-pdf-reader\knex-pdf-engine\rendering\RenderQualityController.ts","C:\knexit-workspace\knexit-workspace\knexwriter\src\modules\Knexread\native-pdf-reader\knex-pdf-engine\rendering\RenderQualityController.ts","3310","","","PDFIUM","0","33","0","0","56","1","0","0","31"
"knexwriter\src\modules\Knexread\native-pdf-reader\knex-pdf-engine\backends\future-pdfium\PdfiumRuntimeLoader.ts","C:\knexit-workspace\knexit-workspace\knexwriter\src\modules\Knexread\native-pdf-reader\knex-pdf-engine\backends\future-pdfium\PdfiumRuntimeLoader.ts","3255","SIM","","PDFIUM","0","45","7","4","0","10","2","2","119"
"knexwriter\src\modules\Knexread\native-pdf-reader\knex-pdf-engine\cache\PageBitmapCache.ts","C:\knexit-workspace\knexit-workspace\knexwriter\src\modules\Knexread\native-pdf-reader\knex-pdf-engine\cache\PageBitmapCache.ts","3180","","","PDFIUM","0","1","0","0","38","104","0","0","51"
"knexwriter\src\modules\Knexread\native-pdf-reader\components\PdfReaderShell.tsx","C:\knexit-workspace\knexit-workspace\knexwriter\src\modules\Knexread\native-pdf-reader\components\PdfReaderShell.tsx","3090","","SIM","INDEFINIDO","0","0","22","6","5","30","35","27","7"
"knexwriter\src\modules\Knexread\native-pdf-reader\knex-pdf-engine\rendering\PageGeometry.ts","C:\knexit-workspace\knexit-workspace\knexwriter\src\modules\Knexread\native-pdf-reader\knex-pdf-engine\rendering\PageGeometry.ts","2765","","","PDFIUM","0","20","0","0","68","0","0","1","30"
"knexwriter\src\modules\Knexread\native-pdf-reader\components\PdfPageView.tsx","C:\knexit-workspace\knexit-workspace\knexwriter\src\modules\Knexread\native-pdf-reader\components\PdfPageView.tsx","2765","","","INDEFINIDO","0","0","18","0","1","37","17","6","82"
"knexwriter\src\modules\Knexread\native-pdf-reader\knex-pdf-engine\rendering\HiDpiCanvasRenderer.ts","C:\knexit-workspace\knexit-workspace\knexwriter\src\modules\Knexread\native-pdf-reader\knex-pdf-engine\rendering\HiDpiCanvasRenderer.ts","2520","","","INDEFINIDO","0","0","13","0","71","19","0","2","4"
"knexwriter\src\modules\Knexread\native-pdf-reader\knex-pdf-engine\integration\KnexPdfViewerRuntime.ts","C:\knexit-workspace\knexit-workspace\knexwriter\src\modules\Knexread\native-pdf-reader\knex-pdf-engine\integration\KnexPdfViewerRuntime.ts","2235","","","INDEFINIDO","0","0","2","0","22","28","2","1","99"
"knexwriter\src\modules\Knexread\native-pdf-reader\knex-pdf-engine\backends\PdfRenderBackend.ts","C:\knexit-workspace\knexit-workspace\knexwriter\src\modules\Knexread\native-pdf-reader\knex-pdf-engine\backends\PdfRenderBackend.ts","2120","SIM","SIM","PDFIUM","0","8","4","8","3","15","3","7","92"
"knexwriter\src\modules\Knexread\native-pdf-reader\knex-pdf-engine\rendering\PdfJsTileRenderer.ts","C:\knexit-workspace\knexit-workspace\knexwriter\src\modules\Knexread\native-pdf-reader\knex-pdf-engine\rendering\PdfJsTileRenderer.ts","2080","","SIM","INDEFINIDO","0","0","9","1","27","17","0","28","5"
"knexwriter\src\modules\Knexread\native-pdf-reader\knex-pdf-engine\rendering\RenderScheduler.ts","C:\knexit-workspace\knexit-workspace\knexwriter\src\modules\Knexread\native-pdf-reader\knex-pdf-engine\rendering\RenderScheduler.ts","1910","","","PDFIUM","0","18","8","0","0","19","0","2","27"
"knexwriter\src\modules\Knexread\native-pdf-reader\knex-pdf-engine\rendering\TileGridCalculator.ts","C:\knexit-workspace\knexit-workspace\knexwriter\src\modules\Knexread\native-pdf-reader\knex-pdf-engine\rendering\TileGridCalculator.ts","1865","","","INDEFINIDO","0","0","0","25","22","0","0","17","5"
"knexwriter\src\modules\Knexread\native-pdf-reader\components\PdfTextLayer.tsx","C:\knexit-workspace\knexit-workspace\knexwriter\src\modules\Knexread\native-pdf-reader\components\PdfTextLayer.tsx","1845","","","PDFIUM","0","2","0","0","18","0","80","0","15"
"knexwriter\src\modules\Knexread\native-pdf-reader\knex-pdf-engine\backends\future-pdfium\PdfiumBackend.ts","C:\knexit-workspace\knexit-workspace\knexwriter\src\modules\Knexread\native-pdf-reader\knex-pdf-engine\backends\future-pdfium\PdfiumBackend.ts","1835","SIM","","PDFIUM","0","15","3","4","0","6","3","2","56"
"knexwriter\src\modules\Knexread\native-pdf-reader\components\pdf-tiles\TileRenderDiagnostics.tsx","C:\knexit-workspace\knexit-workspace\knexwriter\src\modules\Knexread\native-pdf-reader\components\pdf-tiles\TileRenderDiagnostics.tsx","1725","","SIM","INDEFINIDO","0","0","0","8","30","5","0","24","4"
"knexwriter\src\modules\Knexread\native-pdf-reader\services\pdfLoader.service.ts","C:\knexit-workspace\knexit-workspace\knexwriter\src\modules\Knexread\native-pdf-reader\services\pdfLoader.service.ts","1705","","","PDFJS","30","0","2","0","0","0","3","0","25"
"knexwriter\src\modules\Knexread\native-pdf-reader\knex-pdf-engine\KnexPdfEngine.ts","C:\knexit-workspace\knexit-workspace\knexwriter\src\modules\Knexread\native-pdf-reader\knex-pdf-engine\KnexPdfEngine.ts","1590","","","INDEFINIDO","0","0","0","0","0","30","0","6","244"
"knexwriter\src\modules\Knexread\native-pdf-reader\knex-pdf-engine\server-tiles\NativeServerTileRenderer.ts","C:\knexit-workspace\knexit-workspace\knexwriter\src\modules\Knexread\native-pdf-reader\knex-pdf-engine\server-tiles\NativeServerTileRenderer.ts","1560","SIM","","MISTO","2","1","12","0","12","9","0","10","19"
"knexwriter\src\modules\Knexread\native-pdf-reader\knex-pdf-engine\core\engineTypes.ts","C:\knexit-workspace\knexit-workspace\knexwriter\src\modules\Knexread\native-pdf-reader\knex-pdf-engine\core\engineTypes.ts","1510","","","PDFIUM","0","1","0","0","34","0","12","0","14"
"knexwriter\src\modules\Knexread\native-pdf-reader\knex-pdf-engine\backends\future-mupdf\MuPdfRuntimeLoader.ts","C:\knexit-workspace\knexit-workspace\knexwriter\src\modules\Knexread\native-pdf-reader\knex-pdf-engine\backends\future-mupdf\MuPdfRuntimeLoader.ts","1455","","","INDEFINIDO","0","0","7","4","0","10","2","2","117"
"knexwriter\src\modules\Knexread\native-pdf-reader\knex-pdf-engine\backends\future-mupdf\MuPdfBackend.ts","C:\knexit-workspace\knexit-workspace\knexwriter\src\modules\Knexread\native-pdf-reader\knex-pdf-engine\backends\future-mupdf\MuPdfBackend.ts","1235","","","INDEFINIDO","0","0","3","4","0","6","3","2","56"
"knexwriter\src\modules\Knexread\native-pdf-reader\knex-pdf-engine\text\TextCoordinateMapper.ts","C:\knexit-workspace\knexit-workspace\knexwriter\src\modules\Knexread\native-pdf-reader\knex-pdf-engine\text\TextCoordinateMapper.ts","1095","","","INDEFINIDO","0","0","0","0","18","0","21","0","9"
"knexwriter\src\modules\Knexread\native-pdf-reader\components\PdfThumbnailsPanel.tsx","C:\knexit-workspace\knexit-workspace\knexwriter\src\modules\Knexread\native-pdf-reader\components\PdfThumbnailsPanel.tsx","1090","","SIM","INDEFINIDO","0","0","1","1","3","33","0","6","1"
"knexwriter\src\modules\Knexread\native-pdf-reader\knex-pdf-engine\core\engineState.ts","C:\knexit-workspace\knexit-workspace\knexwriter\src\modules\Knexread\native-pdf-reader\knex-pdf-engine\core\engineState.ts","1060","","","PDFIUM","0","4","0","0","0","6","0","0","75"
"knexwriter\src\modules\Knexread\native-pdf-reader\knex-pdf-engine\index.ts","C:\knexit-workspace\knexit-workspace\knexwriter\src\modules\Knexread\native-pdf-reader\knex-pdf-engine\index.ts","1040","SIM","","PDFIUM","0","1","1","1","0","6","0","24","28"
"knexwriter\src\modules\Knexread\native-pdf-reader\knex-pdf-engine\backends\BackendRegistry.ts","C:\knexit-workspace\knexit-workspace\knexwriter\src\modules\Knexread\native-pdf-reader\knex-pdf-engine\backends\BackendRegistry.ts","1015","","","PDFIUM","0","6","0","0","0","1","0","0","56"
"knexwriter\src\modules\Knexread\native-pdf-reader\knex-pdf-engine\KnexPdfEngineProvider.tsx","C:\knexit-workspace\knexit-workspace\knexwriter\src\modules\Knexread\native-pdf-reader\knex-pdf-engine\KnexPdfEngineProvider.tsx","950","","","PDFIUM","0","5","0","0","0","0","0","0","101"
"knexwriter\src\modules\Knexread\native-pdf-reader\knex-pdf-engine\rendering\PageTileCache.ts","C:\knexit-workspace\knexit-workspace\knexwriter\src\modules\Knexread\native-pdf-reader\knex-pdf-engine\rendering\PageTileCache.ts","920","","SIM","INDEFINIDO","0","0","0","1","10","12","0","7","12"
"knexwriter\src\modules\Knexread\native-pdf-reader\knex-pdf-engine\backends\BackendSelector.ts","C:\knexit-workspace\knexit-workspace\knexwriter\src\modules\Knexread\native-pdf-reader\knex-pdf-engine\backends\BackendSelector.ts","865","","","PDFIUM","0","2","1","0","0","0","0","0","83"
"knexwriter\src\modules\Knexread\native-pdf-reader\knex-pdf-engine\viewport\ZoomCenterAnchorController.ts","C:\knexit-workspace\knexit-workspace\knexwriter\src\modules\Knexread\native-pdf-reader\knex-pdf-engine\viewport\ZoomCenterAnchorController.ts","850","","","INDEFINIDO","0","0","0","2","0","0","0","2","56"
"knexwriter\src\modules\Knexread\native-pdf-reader\knex-pdf-engine\backends\pdfjs\PdfJsBackend.ts","C:\knexit-workspace\knexit-workspace\knexwriter\src\modules\Knexread\native-pdf-reader\knex-pdf-engine\backends\pdfjs\PdfJsBackend.ts","845","","","INDEFINIDO","0","0","3","0","0","8","3","1","31"
"knexwriter\src\modules\Knexread\native-pdf-reader\knex-pdf-engine\backends\pdfjs\PdfJsTextExtractor.ts","C:\knexit-workspace\knexit-workspace\knexwriter\src\modules\Knexread\native-pdf-reader\knex-pdf-engine\backends\pdfjs\PdfJsTextExtractor.ts","795","","","INDEFINIDO","0","0","2","0","0","0","28","0","11"
"knexwriter\src\modules\Knexread\native-pdf-reader\knex-pdf-engine\backends\future-mupdf\MuPdfPageRenderer.ts","C:\knexit-workspace\knexit-workspace\knexwriter\src\modules\Knexread\native-pdf-reader\knex-pdf-engine\backends\future-mupdf\MuPdfPageRenderer.ts","675","","","INDEFINIDO","0","0","3","6","0","0","0","3","21"
"knexwriter\src\modules\Knexread\native-pdf-reader\api\pdf-reader.controller.ts","C:\knexit-workspace\knexit-workspace\knexwriter\src\modules\Knexread\native-pdf-reader\api\pdf-reader.controller.ts","615","","","INDEFINIDO","0","0","0","0","0","0","0","36","5"
"knexwriter\src\modules\Knexread\native-pdf-reader\web\page.tsx","C:\knexit-workspace\knexit-workspace\knexwriter\src\modules\Knexread\native-pdf-reader\web\page.tsx","610","","","INDEFINIDO","0","0","0","2","0","15","6","3","0"
"knexwriter\src\modules\Knexread\native-pdf-reader\knex-pdf-engine\tiles\PdfTileGeometry.ts","C:\knexit-workspace\knexit-workspace\knexwriter\src\modules\Knexread\native-pdf-reader\knex-pdf-engine\tiles\PdfTileGeometry.ts","590","","SIM","INDEFINIDO","0","0","0","7","2","6","0","8","1"
"knexwriter\src\modules\Knexread\native-pdf-reader\components\pdf-tiles\PdfTileLayer.tsx","C:\knexit-workspace\knexit-workspace\knexwriter\src\modules\Knexread\native-pdf-reader\components\pdf-tiles\PdfTileLayer.tsx","575","","","INDEFINIDO","0","0","0","0","0","11","0","15","5"
"knexwriter\src\modules\Knexread\native-pdf-reader\knex-pdf-engine\server-tiles\ServerTileTypes.ts","C:\knexit-workspace\knexit-workspace\knexwriter\src\modules\Knexread\native-pdf-reader\knex-pdf-engine\server-tiles\ServerTileTypes.ts","540","","SIM","PDFIUM","0","1","0","1","2","6","0","6","11"
"knexwriter\src\modules\Knexread\native-pdf-reader\knex-pdf-engine\backends\pdfjs\PdfJsPageRenderer.ts","C:\knexit-workspace\knexit-workspace\knexwriter\src\modules\Knexread\native-pdf-reader\knex-pdf-engine\backends\pdfjs\PdfJsPageRenderer.ts","500","","","INDEFINIDO","0","0","2","0","5","1","0","1","16"
"knexwriter\src\modules\Knexread\native-pdf-reader\knex-pdf-engine\core\engineEvents.ts","C:\knexit-workspace\knexit-workspace\knexwriter\src\modules\Knexread\native-pdf-reader\knex-pdf-engine\core\engineEvents.ts","500","","","INDEFINIDO","0","0","0","0","0","5","0","0","25"
"knexwriter\src\modules\Knexread\native-pdf-reader\knex-pdf-engine\rendering\RenderTaskToken.ts","C:\knexit-workspace\knexit-workspace\knexwriter\src\modules\Knexread\native-pdf-reader\knex-pdf-engine\rendering\RenderTaskToken.ts","495","","","INDEFINIDO","0","0","7","0","0","10","0","0","0"
"knexwriter\src\modules\Knexread\native-pdf-reader\knex-pdf-engine\rendering\RenderManager.ts","C:\knexit-workspace\knexit-workspace\knexwriter\src\modules\Knexread\native-pdf-reader\knex-pdf-engine\rendering\RenderManager.ts","480","","","INDEFINIDO","0","0","0","0","0","18","0","0","2"
"knexwriter\src\modules\Knexread\native-pdf-reader\knex-pdf-engine\tiles\TileRenderScheduler.ts","C:\knexit-workspace\knexit-workspace\knexwriter\src\modules\Knexread\native-pdf-reader\knex-pdf-engine\tiles\TileRenderScheduler.ts","450","","","INDEFINIDO","0","0","0","0","0","18","0","0","0"
"knexwriter\src\modules\Knexread\native-pdf-reader\knex-pdf-engine\tiles\TileRenderTypes.ts","C:\knexit-workspace\knexit-workspace\knexwriter\src\modules\Knexread\native-pdf-reader\knex-pdf-engine\tiles\TileRenderTypes.ts","445","","SIM","INDEFINIDO","0","0","0","2","2","6","0","8","3"
"knexwriter\src\modules\Knexread\native-pdf-reader\knex-pdf-engine\viewport\ScrollCoordinator.ts","C:\knexit-workspace\knexit-workspace\knexwriter\src\modules\Knexread\native-pdf-reader\knex-pdf-engine\viewport\ScrollCoordinator.ts","440","","","INDEFINIDO","0","0","0","0","5","8","0","1","5"
"knexwriter\src\modules\Knexread\native-pdf-reader\components\PdfDebugOverlay.tsx","C:\knexit-workspace\knexit-workspace\knexwriter\src\modules\Knexread\native-pdf-reader\components\PdfDebugOverlay.tsx","415","","","INDEFINIDO","0","0","0","0","7","4","0","4","3"
"knexwriter\src\modules\Knexread\native-pdf-reader\hooks\usePdfZoom.ts","C:\knexit-workspace\knexit-workspace\knexwriter\src\modules\Knexread\native-pdf-reader\hooks\usePdfZoom.ts","405","","","INDEFINIDO","0","0","0","0","0","0","0","0","27"
"knexwriter\src\modules\Knexread\native-pdf-reader\knex-pdf-engine\backends\future-pdfium\PdfiumTextExtractor.ts","C:\knexit-workspace\knexit-workspace\knexwriter\src\modules\Knexread\native-pdf-reader\knex-pdf-engine\backends\future-pdfium\PdfiumTextExtractor.ts","395","","","PDFIUM","0","4","0","0","0","0","2","0","13"
"knexwriter\src\modules\Knexread\native-pdf-reader\knex-pdf-engine\backends\future-pdfium\PdfiumAnnotationExtractor.ts","C:\knexit-workspace\knexit-workspace\knexwriter\src\modules\Knexread\native-pdf-reader\knex-pdf-engine\backends\future-pdfium\PdfiumAnnotationExtractor.ts","370","","","PDFIUM","0","4","0","0","0","0","0","0","14"
"knexwriter\src\modules\Knexread\native-pdf-reader\api\pdf-reader.routes.ts","C:\knexit-workspace\knexit-workspace\knexwriter\src\modules\Knexread\native-pdf-reader\api\pdf-reader.routes.ts","345","","","INDEFINIDO","0","0","0","0","0","0","0","23","0"
"knexwriter\src\modules\Knexread\native-pdf-reader\knex-pdf-engine\server-tiles\requestServerRenderedTile.ts","C:\knexit-workspace\knexit-workspace\knexwriter\src\modules\Knexread\native-pdf-reader\knex-pdf-engine\server-tiles\requestServerRenderedTile.ts","340","","","INDEFINIDO","0","0","0","0","0","4","0","9","7"
"knexwriter\src\modules\Knexread\native-pdf-reader\components\pdf-tiles\PdfTileCanvasTypes.ts","C:\knexit-workspace\knexit-workspace\knexwriter\src\modules\Knexread\native-pdf-reader\components\pdf-tiles\PdfTileCanvasTypes.ts","340","","","INDEFINIDO","0","0","0","0","1","7","0","6","3"
"knexwriter\src\modules\Knexread\native-pdf-reader\knex-pdf-engine\platform\DeviceCapabilities.ts","C:\knexit-workspace\knexit-workspace\knexwriter\src\modules\Knexread\native-pdf-reader\knex-pdf-engine\platform\DeviceCapabilities.ts","335","","","PDFIUM","0","2","0","0","7","0","0","0","3"
"knexwriter\src\modules\Knexread\native-pdf-reader\knex-pdf-engine\backends\future-pdfium\index.ts","C:\knexit-workspace\knexit-workspace\knexwriter\src\modules\Knexread\native-pdf-reader\knex-pdf-engine\backends\future-pdfium\index.ts","300","","","PDFIUM","0","6","0","0","0","0","0","0","4"
"knexwriter\src\modules\Knexread\native-pdf-reader\db\pdfReader.repository.ts","C:\knexit-workspace\knexit-workspace\knexwriter\src\modules\Knexread\native-pdf-reader\db\pdfReader.repository.ts","300","","","INDEFINIDO","0","0","0","0","0","12","0","0","0"
"knexwriter\src\modules\Knexread\native-pdf-reader\knex-pdf-engine\tiles\TileBitmapCache.ts","C:\knexit-workspace\knexit-workspace\knexwriter\src\modules\Knexread\native-pdf-reader\knex-pdf-engine\tiles\TileBitmapCache.ts","300","","","INDEFINIDO","0","0","0","0","0","12","0","0","0"
"knexwriter\src\modules\Knexread\native-pdf-reader\knex-pdf-engine\viewport\HorizontalOverflowController.ts","C:\knexit-workspace\knexit-workspace\knexwriter\src\modules\Knexread\native-pdf-reader\knex-pdf-engine\viewport\HorizontalOverflowController.ts","285","","","INDEFINIDO","0","0","0","0","2","0","0","9","6"
"knexwriter\src\modules\Knexread\native-pdf-reader\knex-pdf-engine\tiles\tileCoordinateUtils.ts","C:\knexit-workspace\knexit-workspace\knexwriter\src\modules\Knexread\native-pdf-reader\knex-pdf-engine\tiles\tileCoordinateUtils.ts","285","","","INDEFINIDO","0","0","0","0","3","3","0","5","3"
"knexwriter\src\modules\Knexread\native-pdf-reader\services\translation\translationProviderRouter.service.ts","C:\knexit-workspace\knexit-workspace\knexwriter\src\modules\Knexread\native-pdf-reader\services\translation\translationProviderRouter.service.ts","265","","","INDEFINIDO","0","0","0","0","0","1","0","0","16"
"knexwriter\src\modules\Knexread\native-pdf-reader\knex-pdf-engine\layout\PagePairLayoutEngine.ts","C:\knexit-workspace\knexit-workspace\knexwriter\src\modules\Knexread\native-pdf-reader\knex-pdf-engine\layout\PagePairLayoutEngine.ts","260","","","INDEFINIDO","0","0","0","7","0","0","0","0","1"
"knexwriter\src\modules\Knexread\native-pdf-reader\knex-pdf-engine\server-tiles\serverTileFallbackPolicy.ts","C:\knexit-workspace\knexit-workspace\knexwriter\src\modules\Knexread\native-pdf-reader\knex-pdf-engine\server-tiles\serverTileFallbackPolicy.ts","240","","","INDEFINIDO","0","0","0","0","0","0","0","5","11"
"knexwriter\src\modules\Knexread\native-pdf-reader\knex-pdf-engine\backends\pdfjs\PdfJsAnnotationExtractor.ts","C:\knexit-workspace\knexit-workspace\knexwriter\src\modules\Knexread\native-pdf-reader\knex-pdf-engine\backends\pdfjs\PdfJsAnnotationExtractor.ts","235","","","INDEFINIDO","0","0","2","0","0","0","0","0","11"
"knexwriter\src\modules\Knexread\native-pdf-reader\knex-pdf-engine\backends\future-mupdf\MuPdfTextExtractor.ts","C:\knexit-workspace\knexit-workspace\knexwriter\src\modules\Knexread\native-pdf-reader\knex-pdf-engine\backends\future-mupdf\MuPdfTextExtractor.ts","235","","","INDEFINIDO","0","0","0","0","0","0","2","0","13"
"knexwriter\src\modules\Knexread\native-pdf-reader\knex-pdf-engine\cache\CachePolicy.ts","C:\knexit-workspace\knexit-workspace\knexwriter\src\modules\Knexread\native-pdf-reader\knex-pdf-engine\cache\CachePolicy.ts","215","","","INDEFINIDO","0","0","0","4","0","3","0","0","0"
"knexwriter\src\modules\Knexread\native-pdf-reader\knex-pdf-engine\rendering\RenderQueue.ts","C:\knexit-workspace\knexit-workspace\knexwriter\src\modules\Knexread\native-pdf-reader\knex-pdf-engine\rendering\RenderQueue.ts","210","","","INDEFINIDO","0","0","0","0","0","6","0","1","3"
"knexwriter\src\modules\Knexread\native-pdf-reader\services\index.ts","C:\knexit-workspace\knexit-workspace\knexwriter\src\modules\Knexread\native-pdf-reader\services\index.ts","210","","","INDEFINIDO","0","0","0","0","0","0","0","13","1"
"knexwriter\src\modules\Knexread\native-pdf-reader\knex-pdf-engine\backends\future-mupdf\MuPdfAnnotationExtractor.ts","C:\knexit-workspace\knexit-workspace\knexwriter\src\modules\Knexread\native-pdf-reader\knex-pdf-engine\backends\future-mupdf\MuPdfAnnotationExtractor.ts","210","","","INDEFINIDO","0","0","0","0","0","0","0","0","14"
"knexwriter\src\modules\Knexread\native-pdf-reader\components\PdfReadingFrame.tsx","C:\knexit-workspace\knexit-workspace\knexwriter\src\modules\Knexread\native-pdf-reader\components\PdfReadingFrame.tsx","195","","","INDEFINIDO","0","0","0","0","1","3","0","0","6"
"knexwriter\src\modules\Knexread\native-pdf-reader\knex-pdf-engine\viewport\ZoomController.ts","C:\knexit-workspace\knexit-workspace\knexwriter\src\modules\Knexread\native-pdf-reader\knex-pdf-engine\viewport\ZoomController.ts","195","","","INDEFINIDO","0","0","0","0","0","0","0","2","11"
"knexwriter\src\modules\Knexread\native-pdf-reader\ui\ribbons\KnexreadRibbon.tsx","C:\knexit-workspace\knexit-workspace\knexwriter\src\modules\Knexread\native-pdf-reader\ui\ribbons\KnexreadRibbon.tsx","190","","","INDEFINIDO","0","0","0","2","0","0","6","0","0"
"knexwriter\src\modules\Knexread\native-pdf-reader\services\translation\translationLayerCore.service.ts","C:\knexit-workspace\knexit-workspace\knexwriter\src\modules\Knexread\native-pdf-reader\services\translation\translationLayerCore.service.ts","170","","","INDEFINIDO","0","0","0","0","0","0","1","1","9"
"knexwriter\src\modules\Knexread\native-pdf-reader\knex-pdf-engine\tiles\tileRenderQualityPolicy.ts","C:\knexit-workspace\knexit-workspace\knexwriter\src\modules\Knexread\native-pdf-reader\knex-pdf-engine\tiles\tileRenderQualityPolicy.ts","165","","","INDEFINIDO","0","0","0","0","4","0","0","3","0"
"knexwriter\src\modules\Knexread\native-pdf-reader\knex-pdf-engine\diagnostics\PdfEngineDebugPanel.tsx","C:\knexit-workspace\knexit-workspace\knexwriter\src\modules\Knexread\native-pdf-reader\knex-pdf-engine\diagnostics\PdfEngineDebugPanel.tsx","160","","","INDEFINIDO","0","0","0","2","1","0","0","0","4"
"knexwriter\src\modules\Knexread\native-pdf-reader\knex-pdf-engine\tiles\index.ts","C:\knexit-workspace\knexit-workspace\knexwriter\src\modules\Knexread\native-pdf-reader\knex-pdf-engine\tiles\index.ts","160","","","INDEFINIDO","0","0","0","0","0","1","0","8","1"
"knexwriter\src\modules\Knexread\native-pdf-reader\knex-pdf-engine\layout\ContentWidthCalculator.ts","C:\knexit-workspace\knexit-workspace\knexwriter\src\modules\Knexread\native-pdf-reader\knex-pdf-engine\layout\ContentWidthCalculator.ts","155","","","INDEFINIDO","0","0","0","4","0","0","0","0","1"
"knexwriter\src\modules\Knexread\native-pdf-reader\knex-pdf-engine\core\engineErrors.ts","C:\knexit-workspace\knexit-workspace\knexwriter\src\modules\Knexread\native-pdf-reader\knex-pdf-engine\core\engineErrors.ts","155","","","INDEFINIDO","0","0","0","0","0","5","0","0","2"
"knexwriter\src\modules\Knexread\native-pdf-reader\api\pdf-reader.service.ts","C:\knexit-workspace\knexit-workspace\knexwriter\src\modules\Knexread\native-pdf-reader\api\pdf-reader.service.ts","150","","","INDEFINIDO","0","0","0","0","0","0","0","5","5"
"knexwriter\src\modules\Knexread\native-pdf-reader\components\pdf-tiles\TileViewportObserver.tsx","C:\knexit-workspace\knexit-workspace\knexwriter\src\modules\Knexread\native-pdf-reader\components\pdf-tiles\TileViewportObserver.tsx","135","","","INDEFINIDO","0","0","0","0","1","0","0","7","0"
"knexwriter\src\modules\Knexread\native-pdf-reader\services\pdfTextExtraction.service.ts","C:\knexit-workspace\knexit-workspace\knexwriter\src\modules\Knexread\native-pdf-reader\services\pdfTextExtraction.service.ts","130","","","INDEFINIDO","0","0","0","0","0","0","5","1","1"
"knexwriter\src\modules\Knexread\native-pdf-reader\components\PdfHomePage.tsx","C:\knexit-workspace\knexit-workspace\knexwriter\src\modules\Knexread\native-pdf-reader\components\PdfHomePage.tsx","105","","","INDEFINIDO","0","0","0","3","0","0","0","0","0"
"knexwriter\src\modules\Knexread\native-pdf-reader\components\PdfToolbar.tsx","C:\knexit-workspace\knexit-workspace\knexwriter\src\modules\Knexread\native-pdf-reader\components\PdfToolbar.tsx","105","","","INDEFINIDO","0","0","0","3","0","0","0","0","0"
"knexwriter\src\modules\Knexread\native-pdf-reader\knex-pdf-engine\workers\WorkerMessageTypes.ts","C:\knexit-workspace\knexit-workspace\knexwriter\src\modules\Knexread\native-pdf-reader\knex-pdf-engine\workers\WorkerMessageTypes.ts","100","","","INDEFINIDO","0","0","0","0","0","4","0","0","0"
"knexwriter\src\modules\Knexread\native-pdf-reader\components\PdfInvisibleTextLayer.tsx","C:\knexit-workspace\knexit-workspace\knexwriter\src\modules\Knexread\native-pdf-reader\components\PdfInvisibleTextLayer.tsx","95","","","INDEFINIDO","0","0","0","0","0","0","4","0","1"
"knexwriter\src\modules\Knexread\native-pdf-reader\knex-pdf-engine\tiles\renderKnexPdfTileToCanvas.ts","C:\knexit-workspace\knexit-workspace\knexwriter\src\modules\Knexread\native-pdf-reader\knex-pdf-engine\tiles\renderKnexPdfTileToCanvas.ts","90","","","INDEFINIDO","0","0","0","0","0","0","0","5","1"
"knexwriter\src\modules\Knexread\native-pdf-reader\knex-pdf-engine\core\engineConfig.ts","C:\knexit-workspace\knexit-workspace\knexwriter\src\modules\Knexread\native-pdf-reader\knex-pdf-engine\core\engineConfig.ts","80","","","INDEFINIDO","0","0","0","1","0","0","0","0","3"
"knexwriter\src\modules\Knexread\native-pdf-reader\knex-pdf-engine\core\engineLogger.ts","C:\knexit-workspace\knexit-workspace\knexwriter\src\modules\Knexread\native-pdf-reader\knex-pdf-engine\core\engineLogger.ts","75","","","INDEFINIDO","0","0","0","0","0","0","0","0","5"
"knexwriter\src\modules\Knexread\native-pdf-reader\components\index.ts","C:\knexit-workspace\knexit-workspace\knexwriter\src\modules\Knexread\native-pdf-reader\components\index.ts","70","","","INDEFINIDO","0","0","0","0","0","0","2","2","0"
"knexwriter\src\modules\Knexread\native-pdf-reader\components\PdfSidebar.tsx","C:\knexit-workspace\knexit-workspace\knexwriter\src\modules\Knexread\native-pdf-reader\components\PdfSidebar.tsx","70","","","INDEFINIDO","0","0","0","2","0","0","0","0","0"
"knexwriter\src\modules\Knexread\native-pdf-reader\hooks\usePdfSelection.ts","C:\knexit-workspace\knexit-workspace\knexwriter\src\modules\Knexread\native-pdf-reader\hooks\usePdfSelection.ts","60","","","INDEFINIDO","0","0","0","0","1","0","0","1","1"
"knexwriter\src\modules\Knexread\native-pdf-reader\knex-pdf-engine\selection\SelectionRectangleCalculator.ts","C:\knexit-workspace\knexit-workspace\knexwriter\src\modules\Knexread\native-pdf-reader\knex-pdf-engine\selection\SelectionRectangleCalculator.ts","55","","","INDEFINIDO","0","0","0","0","0","0","2","0","1"
"knexwriter\src\modules\Knexread\native-pdf-reader\components\PdfTranslationLayer.tsx","C:\knexit-workspace\knexit-workspace\knexwriter\src\modules\Knexread\native-pdf-reader\components\PdfTranslationLayer.tsx","55","","","INDEFINIDO","0","0","0","0","0","0","2","1","0"
"knexwriter\src\modules\Knexread\native-pdf-reader\knex-pdf-engine\selection\SelectedTextExtractor.ts","C:\knexit-workspace\knexit-workspace\knexwriter\src\modules\Knexread\native-pdf-reader\knex-pdf-engine\selection\SelectedTextExtractor.ts","55","","","INDEFINIDO","0","0","0","0","0","0","2","0","1"
"knexwriter\src\modules\Knexread\native-pdf-reader\knex-pdf-engine\server-tiles\index.ts","C:\knexit-workspace\knexit-workspace\knexwriter\src\modules\Knexread\native-pdf-reader\knex-pdf-engine\server-tiles\index.ts","55","","","INDEFINIDO","0","0","0","0","0","1","0","1","1"
"knexwriter\src\modules\Knexread\native-pdf-reader\services\extraction\pdfGeoTextMapping.service.ts","C:\knexit-workspace\knexit-workspace\knexwriter\src\modules\Knexread\native-pdf-reader\services\extraction\pdfGeoTextMapping.service.ts","55","","","INDEFINIDO","0","0","0","0","0","0","2","0","1"
"knexwriter\src\modules\Knexread\native-pdf-reader\knex-pdf-engine\server-tiles\ServerTileCacheClient.ts","C:\knexit-workspace\knexit-workspace\knexwriter\src\modules\Knexread\native-pdf-reader\knex-pdf-engine\server-tiles\ServerTileCacheClient.ts","50","","","INDEFINIDO","0","0","0","0","0","2","0","0","0"
"knexwriter\src\modules\Knexread\native-pdf-reader\hooks\usePdfMetadata.ts","C:\knexit-workspace\knexit-workspace\knexwriter\src\modules\Knexread\native-pdf-reader\hooks\usePdfMetadata.ts","45","","","INDEFINIDO","0","0","0","0","0","0","0","3","0"
"knexwriter\src\modules\Knexread\native-pdf-reader\knex-pdf-engine\tiles\resolveTileRenderMode.ts","C:\knexit-workspace\knexit-workspace\knexwriter\src\modules\Knexread\native-pdf-reader\knex-pdf-engine\tiles\resolveTileRenderMode.ts","45","","","INDEFINIDO","0","0","0","0","0","0","0","3","0"
"knexwriter\src\modules\Knexread\native-pdf-reader\knex-pdf-engine\backends\future-mupdf\index.ts","C:\knexit-workspace\knexit-workspace\knexwriter\src\modules\Knexread\native-pdf-reader\knex-pdf-engine\backends\future-mupdf\index.ts","45","","","INDEFINIDO","0","0","0","0","0","0","0","0","3"
"knexwriter\src\modules\Knexread\native-pdf-reader\knex-pdf-engine\platform\PlatformAdapter.ts","C:\knexit-workspace\knexit-workspace\knexwriter\src\modules\Knexread\native-pdf-reader\knex-pdf-engine\platform\PlatformAdapter.ts","45","","","INDEFINIDO","0","0","0","0","0","0","0","0","3"
"knexwriter\src\modules\Knexread\native-pdf-reader\knex-pdf-engine\diagnostics\RenderDebugInfo.ts","C:\knexit-workspace\knexit-workspace\knexwriter\src\modules\Knexread\native-pdf-reader\knex-pdf-engine\diagnostics\RenderDebugInfo.ts","45","","","INDEFINIDO","0","0","0","0","1","0","0","0","1"
"knexwriter\src\modules\Knexread\native-pdf-reader\knex-pdf-engine\platform\WebPlatformAdapter.ts","C:\knexit-workspace\knexit-workspace\knexwriter\src\modules\Knexread\native-pdf-reader\knex-pdf-engine\platform\WebPlatformAdapter.ts","45","","","INDEFINIDO","0","0","0","0","0","0","0","0","3"
"knexwriter\src\modules\Knexread\native-pdf-reader\ui\tabs\KnexreadTabs.tsx","C:\knexit-workspace\knexit-workspace\knexwriter\src\modules\Knexread\native-pdf-reader\ui\tabs\KnexreadTabs.tsx","35","","","INDEFINIDO","0","0","0","1","0","0","0","0","0"
"knexwriter\src\modules\Knexread\native-pdf-reader\components\PdfHighlightPopover.tsx","C:\knexit-workspace\knexit-workspace\knexwriter\src\modules\Knexread\native-pdf-reader\components\PdfHighlightPopover.tsx","35","","","INDEFINIDO","0","0","0","1","0","0","0","0","0"
"knexwriter\src\modules\Knexread\native-pdf-reader\services\pdfMetadata.service.ts","C:\knexit-workspace\knexit-workspace\knexwriter\src\modules\Knexread\native-pdf-reader\services\pdfMetadata.service.ts","35","","","INDEFINIDO","0","0","0","0","0","0","1","1","0"
"knexwriter\src\modules\Knexread\native-pdf-reader\components\PdfCommentPopover.tsx","C:\knexit-workspace\knexit-workspace\knexwriter\src\modules\Knexread\native-pdf-reader\components\PdfCommentPopover.tsx","35","","","INDEFINIDO","0","0","0","1","0","0","0","0","0"
"knexwriter\src\modules\Knexread\native-pdf-reader\api\index.ts","C:\knexit-workspace\knexit-workspace\knexwriter\src\modules\Knexread\native-pdf-reader\api\index.ts","30","","","INDEFINIDO","0","0","0","0","0","0","0","2","0"
"knexwriter\src\modules\Knexread\native-pdf-reader\knex-pdf-engine\visualRenderMode.ts","C:\knexit-workspace\knexit-workspace\knexwriter\src\modules\Knexread\native-pdf-reader\knex-pdf-engine\visualRenderMode.ts","30","","","INDEFINIDO","0","0","0","0","0","0","0","2","0"
"knexwriter\src\modules\Knexread\native-pdf-reader\hooks\usePdfDocument.ts","C:\knexit-workspace\knexit-workspace\knexwriter\src\modules\Knexread\native-pdf-reader\hooks\usePdfDocument.ts","30","","","INDEFINIDO","0","0","0","0","0","0","0","2","0"
"knexwriter\src\modules\Knexread\native-pdf-reader\index.ts","C:\knexit-workspace\knexit-workspace\knexwriter\src\modules\Knexread\native-pdf-reader\index.ts","30","","","INDEFINIDO","0","0","0","0","0","0","0","1","1"
"knexwriter\src\modules\Knexread\native-pdf-reader\components\PdfInteractionRenderGuard.ts","C:\knexit-workspace\knexit-workspace\knexwriter\src\modules\Knexread\native-pdf-reader\components\PdfInteractionRenderGuard.ts","25","","","INDEFINIDO","0","0","0","0","0","1","0","0","0"
"knexwriter\src\modules\Knexread\native-pdf-reader\web\launchBridge.ts","C:\knexit-workspace\knexit-workspace\knexwriter\src\modules\Knexread\native-pdf-reader\web\launchBridge.ts","25","","","INDEFINIDO","0","0","0","0","0","1","0","0","0"
"knexwriter\src\modules\Knexread\native-pdf-reader\types\PdfTranslation.ts","C:\knexit-workspace\knexit-workspace\knexwriter\src\modules\Knexread\native-pdf-reader\types\PdfTranslation.ts","20","","","INDEFINIDO","0","0","0","0","0","0","1","0","0"
"knexwriter\src\modules\Knexread\native-pdf-reader\types\PdfGeoText.ts","C:\knexit-workspace\knexit-workspace\knexwriter\src\modules\Knexread\native-pdf-reader\types\PdfGeoText.ts","20","","","INDEFINIDO","0","0","0","0","0","0","1","0","0"
"knexwriter\src\modules\Knexread\native-pdf-reader\services\translation\onlineTranslation.provider.ts","C:\knexit-workspace\knexit-workspace\knexwriter\src\modules\Knexread\native-pdf-reader\services\translation\onlineTranslation.provider.ts","15","","","INDEFINIDO","0","0","0","0","0","0","0","0","1"
"knexwriter\src\modules\Knexread\native-pdf-reader\hooks\usePdfHighlights.ts","C:\knexit-workspace\knexit-workspace\knexwriter\src\modules\Knexread\native-pdf-reader\hooks\usePdfHighlights.ts","15","","","INDEFINIDO","0","0","0","0","0","0","0","1","0"
"knexwriter\src\modules\Knexread\native-pdf-reader\types\PdfTranslationProvider.ts","C:\knexit-workspace\knexit-workspace\knexwriter\src\modules\Knexread\native-pdf-reader\types\PdfTranslationProvider.ts","15","","","INDEFINIDO","0","0","0","0","0","0","0","0","1"
"knexwriter\src\modules\Knexread\native-pdf-reader\hooks\usePdfSearch.ts","C:\knexit-workspace\knexit-workspace\knexwriter\src\modules\Knexread\native-pdf-reader\hooks\usePdfSearch.ts","15","","","INDEFINIDO","0","0","0","0","0","0","0","0","1"
"knexwriter\src\modules\Knexread\native-pdf-reader\types\PdfReaderState.ts","C:\knexit-workspace\knexit-workspace\knexwriter\src\modules\Knexread\native-pdf-reader\types\PdfReaderState.ts","15","","","INDEFINIDO","0","0","0","0","0","0","0","0","1"
"knexwriter\src\modules\Knexread\native-pdf-reader\knex-pdf-engine\annotations\AnnotationController.ts","C:\knexit-workspace\knexit-workspace\knexwriter\src\modules\Knexread\native-pdf-reader\knex-pdf-engine\annotations\AnnotationController.ts","15","","","INDEFINIDO","0","0","0","0","0","0","0","1","0"
"knexwriter\src\modules\Knexread\native-pdf-reader\components\PdfAnnotationLayer.tsx","C:\knexit-workspace\knexit-workspace\knexwriter\src\modules\Knexread\native-pdf-reader\components\PdfAnnotationLayer.tsx","15","","","INDEFINIDO","0","0","0","0","0","0","0","0","1"
"knexwriter\src\modules\Knexread\native-pdf-reader\knex-pdf-engine\workers\WorkerPoolController.ts","C:\knexit-workspace\knexit-workspace\knexwriter\src\modules\Knexread\native-pdf-reader\knex-pdf-engine\workers\WorkerPoolController.ts","15","","","INDEFINIDO","0","0","0","0","0","0","0","1","0"
"knexwriter\src\modules\Knexread\native-pdf-reader\knex-pdf-engine\ruler\RulerScrollSyncController.ts","C:\knexit-workspace\knexit-workspace\knexwriter\src\modules\Knexread\native-pdf-reader\knex-pdf-engine\ruler\RulerScrollSyncController.ts","15","","","INDEFINIDO","0","0","0","0","0","0","0","0","1"
"knexwriter\src\modules\Knexread\native-pdf-reader\knex-pdf-engine\selection\SelectionOverlayLayer.ts","C:\knexit-workspace\knexit-workspace\knexwriter\src\modules\Knexread\native-pdf-reader\knex-pdf-engine\selection\SelectionOverlayLayer.ts","15","","","INDEFINIDO","0","0","0","0","0","0","0","0","1"
"knexwriter\src\modules\Knexread\native-pdf-reader\knex-pdf-engine\ruler\RulerState.ts","C:\knexit-workspace\knexit-workspace\knexwriter\src\modules\Knexread\native-pdf-reader\knex-pdf-engine\ruler\RulerState.ts","15","","","INDEFINIDO","0","0","0","0","0","0","0","0","1"
"knexwriter\src\modules\Knexread\native-pdf-reader\knex-pdf-engine\integration\KnexReadIntegration.ts","C:\knexit-workspace\knexit-workspace\knexwriter\src\modules\Knexread\native-pdf-reader\knex-pdf-engine\integration\KnexReadIntegration.ts","15","","","INDEFINIDO","0","0","0","0","0","0","0","1","0"
"knexwriter\src\modules\Knexread\native-pdf-reader\services\extraction\pdfOcrPipeline.service.ts","C:\knexit-workspace\knexit-workspace\knexwriter\src\modules\Knexread\native-pdf-reader\services\extraction\pdfOcrPipeline.service.ts","15","","","INDEFINIDO","0","0","0","0","0","0","0","1","0"
"knexwriter\src\modules\Knexread\native-pdf-reader\services\translation\localTranslation.provider.ts","C:\knexit-workspace\knexit-workspace\knexwriter\src\modules\Knexread\native-pdf-reader\services\translation\localTranslation.provider.ts","15","","","INDEFINIDO","0","0","0","0","0","0","0","0","1"
"knexwriter\src\modules\Knexread\native-pdf-reader\hooks\usePdfAnnotations.ts","C:\knexit-workspace\knexit-workspace\knexwriter\src\modules\Knexread\native-pdf-reader\hooks\usePdfAnnotations.ts","15","","","INDEFINIDO","0","0","0","0","0","0","0","1","0"
"knexwriter\src\modules\Knexread\native-pdf-reader\knex-pdf-engine\document\PdfPageModel.ts","C:\knexit-workspace\knexit-workspace\knexwriter\src\modules\Knexread\native-pdf-reader\knex-pdf-engine\document\PdfPageModel.ts","15","","","INDEFINIDO","0","0","0","0","0","0","0","0","1"
"knexwriter\src\modules\Knexread\native-pdf-reader\knex-pdf-engine\document\PdfDocumentController.ts","C:\knexit-workspace\knexit-workspace\knexwriter\src\modules\Knexread\native-pdf-reader\knex-pdf-engine\document\PdfDocumentController.ts","15","","","INDEFINIDO","0","0","0","0","0","0","0","1","0"
